<?xml version="1.0"?><!--  <!DOCTYPE metadata SYSTEM "metadata.dtd">  --><metadata><idinfo><citation><citeinfo><origin>Minnesota Department of Education</origin><pubdate>20141013</pubdate><title>Minnesota School District and Attendance Boundaries, SY2014-2015</title><mgmg1cid></mgmg1cid><pubinfo><publish>Minnesota Department of Education</publish></pubinfo><ftname Sync="TRUE">sd_attendance11</ftname><geoform Sync="TRUE">vector digital data</geoform><onlink>ftp://ftp.lmic.state.mn.us/pub/data/admin_poli/sdattend1415.zip</onlink></citeinfo></citation><descript><abstract>This file represents the boundaries of all public school districts and school attendance areas in the state of Minnesota for school year 2014-2015. Each year Minnesota school districts report any changes to their elementary, middle and high school attendance area boundaries. This file was developed from this annual information.</abstract><purpose>To keep this shapefile current, MDE-IT asks school districts for any changes to district attendance boundaries on a yearly basis. This information is developed and updated through an ESRI ArcGIS geodatabase data set and, along with additional information, is used by MDE-FNS to identify program financial priorities. It also provides a map of school district boundaries and school attendance area boundaries to support a variety of mapping and data analysis applications.</purpose><supplinf>Minnesota</supplinf><langdata Sync="TRUE">en</langdata></descript><timeperd><current>Public school district attendance boundaries updated for school year 2014-2015.</current><timeinfo><sngdate><caldate>2014</caldate></sngdate></timeinfo></timeperd><status><progress>Complete</progress><update>Annually</update></status><spdom><lboundng><leftbc Sync="TRUE">189783.560000</leftbc><rightbc Sync="TRUE">761653.524100</rightbc><bottombc Sync="TRUE">4816309.330000</bottombc><topbc Sync="TRUE">5472346.500000</topbc></lboundng><bounding><westbc>-97.269688</westbc><eastbc>-89.397194</eastbc><northbc>49.403805</northbc><southbc>43.435423</southbc></bounding></spdom><keywords><theme><themekt>ISO 19115 Topic Category</themekt><themekey>boundaries, school, school district, attendance boundary, attendance area, elementary school, middle school, high school, K-12</themekey></theme><place><placekey>Minnesota, MN</placekey></place></keywords><accconst>None</accconst><useconst>If you obtain data from MDE, it is understood that you and/or your organization have the right to use them for any internal purpose.  It is understood that you and/or your organization have the right to use it for any purpose.  If you modify it, you are encouraged to apply responsible best practices by documenting those changes in a metadata record.  If you transmit or provide the data to another user, it is your responsibility to provide appropriate content, limitation, warranty and liability information as you see fit.</useconst><browse><browsen>None available</browsen><browsed>none available</browsed></browse><native>Microsoft Windows XP Version 5.1 (Build 2600) Service Pack 3; ESRI ArcCatalog 9.3.1.3500</native><crossref><citeinfo><title>See related school datasets at:
http://www.mngeo.state.mn.us/chouse/metalong.html#admin</title></citeinfo></crossref><natvform Sync="TRUE">Shapefile</natvform><ptcontac><cntinfo><cntperp><cntorg>Minnesota Department of Education</cntorg><cntper>Scott Freburg</cntper></cntperp><cntpos>GIS Administrator</cntpos><cntaddr><addrtype>mailing and physical</addrtype><address>1500 Hwy 36 W.</address><city>Roseville</city><state>MN</state><postal>55113</postal></cntaddr><cntvoice>651-582-8789</cntvoice><cntemail>scott.freburg@state.mn.us</cntemail></cntinfo></ptcontac></idinfo><dataqual><attracc><attraccr>Each school district checks the previous year's school district map for accuracy of school names and attendance boundaries. Changes are verified by the MDE-IT GIS Administrator.</attraccr></attracc><logic>Data are topologically structured and verified.</logic><complete>All school districts within Minnesota are included. There are 333 school districts in this file.  An additional polygon exists for Minneapolis-St. Paul Lindbergh airport.</complete><posacc><horizpa><horizpar>Positional accuracy of the data sources varies widely.  Source scales range between 1:24,000 and 1:100,000.  Many of the boundaries are hand-drawn by the school districts. See notes on potential boundary inaccuracies under 'Lineage'.</horizpar></horizpa></posacc><lineage><srcinfo><srcscale></srcscale></srcinfo><procstep><procdesc>The original 1990 School District file delineation work was done at LMIC (the Land Management Information Center, now MnGeo) on contract to the U.S. Census Bureau. The Census Bureau was under contract to the U.S. Department of Education to create a nationwide school district file and population totals that matched the 1990 Census boundaries. LMIC provided delineations of the school district boundaries to the Census Bureau, based on map information provided by the County Auditors' Offices to LMIC. The Census Bureau did the automation of the 1990 file.

Subsequent annual updates have been made to the file to reflect boundary changes, boundary corrections, and school district consolidations. Beginning in 1998, school attendance area boundaries were added. These updates have been done by the Minnesota Legislative Coordinating Commission GIS Office (LCC), LMIC, and the Office of the Secretary of State, with assistance from the Minnesota Department of Education (formerly the Minnesota Department of Children, Families, and Learning).

The steps used to create the original 1990 file and subsequent updates are outlined below.

CREATION OF THE ORIGINAL 1990 SCHOOL DISTRICT BOUNDARY FILE:

1. Delineation of school district boundaries (LMIC):

LMIC's role was to delineate school district boundaries to match Census county, MCD (minor civil division), tract, and block boundaries. LMIC received a set of large-scale (approx 1:800) maps of census boundaries from the Census Bureau.  These census boundary maps included MCD, tract, and block boundaries. 

LMIC obtained school district boundary maps from the County Auditor's office in each county.  LMIC sent blank Minnesota Department of Transportation County Highway Maps to each County Auditor, and received back those maps with the school districts delineated on them. The Auditors' Offices drew the boundaries according to their official records. LMIC still has these maps on file.

Using the County Auditors' delineation maps, LMIC transferred  the school district boundaries onto the 1:800 Census maps.  The Census had very specific guidelines, which they enforced. Delineations were to match to within 1/16 of an inch - basically, a fine pencil-width.

2. Automation of School District Boundary Linework:

The Census Bureau did the automation of the maps to create the digital file. This was done in two steps:

1. Wherever the linework matched the Census tract, block, MCD, etc., boundaries, exactly, the census units were assigned a school district code via a lookup table.

2. Where the school district boundaries did NOT follow the Census boundaries, then the Census Bureau digitized the necessary linework.  These base maps for automation eventually came back to the state, and are stored in the State Demographic Center files.

3. Population totals (LMIC):

Where the school district boundaries did not match the Census boundaries, LMIC also provided population figures to apportion the Census unit population into the school districts. Rather than apportioning population strictly on the basis of area, this was done through examination of other maps, sometimes, as in the metro area, by counting the houses on aerial photos.  The demographic distribution by school district was important as a basis for funding.

4. File distribution (Census Bureau):

In 1992, the automated 1990 School District Boundary files were delivered by the Census Bureau to the Legislative GIS Office (LCC) in TIGER/Line format. LCC extracted the data from the TIGER format and created an ARC coverage, which was then provided to LMIC and other agencies. LMIC did not receive the digital files back from the Census Bureau for any type of review or verification. Errors in the school district boundary file were reported to the Legislative GIS Office and the Secretary of State's Office. These errors were corrected  on the final file. Many of the errors relate to the Census boundary alignment problem - i.e., school district boundary lines were moved to coincide with the appropriate Census boundary.

ANNUAL UPDATES AFTER 1990:

1. (1992-1996) The LCC made updates to the file as needed, based on boundary changes, boundary corrections, and school district consolidations. Information on necessary updates was forwarded to LCC by the Secretary of State's Office or the Department of Education (formerly the Minnesota Department of Children, Families, and Learning). Most updates to the files involved school district consolidations.  LCC did updates for the years 1992 through 1996.

2. (1997) LMIC obtained 1996 School District boundary file from the LCC.  This file was updated with coding changes and consolidation information for SY 1997.  As part of a project for the Minnesota Department of Education, LMIC added school attendance area boundaries to the file.

3. (1998-2005) LMIC maintained this file on a yearly basis while adding and changing attendance boundaries based on revisions sent from school districts.

4. (2006-2007) MDE now maintains this file on a yearly basis while adding and changing attendance boundaries based on revisions sent from school districts.  Two consolidations. Russell, Tyler and Ruthton became R.T.R. #2902. Plainview and Elgin-Millville became Plainview-Elgin-Millville #2899. Several other minor adjustments to attendance boundaries (about 30-40 per year).

5.  2007-08: Only minor changes to attendance boundaries.

6.  2008-09: Minor changes to attendance and some district boundaries based on county parcels or Minnesota Department of Natural Resources' Township-Range-Quarter-Quarter-Sections.

7.  2009-2010: Three consolidations and several school district changes based on county parcel data or MN DNR Township-Range-Quarter-Quarter-Sections.  Consolidations were:

- Tracy Area (2904) based on old Tracy and Balaton districts.
- Ortonville (2903) based on Ortonville and Bellingham districts.
- McLeod West was split between G.F.W (2365), G.S.L. (2859) and B.L.H. (2159).

8.  2010-2011: More district modifications based on county parcels. 18 districts had attendance changes and 45 others had minor school or minor boundary changes.

9.  2013-2014: Four consolidations and several school district changes based on county parcel data or School District review. Consolidations were:

- Brandon-Evansville (2908) based on old Brandon and Evansville districts.
- Round Lake-Brewster (2907) based on Round Lake and Brewster districts.
- Red lake County Central (2906) based on old Plummer and Oklee dsitricts.
- Morris Area (2769) based on old Morris and Cyrus districts.

For district boundary changes using parcel boundaries please see metadata for school districts 2013-2014: http://www.mngeo.state.mn.us/chouse/metadata/sd14.html

NOTES ON SCHOOL DISTRICT UPDATING:
Each year, school districts provide to MDE their current contact information and changes to school building or attendance boundaries. If a district has changes, MDE sends a large-format (36 inch x 48 inch) school district map and asks the district to identify any school location and/or attendance boundary changes.  Many boundaries are hand-drawn by the school districts.  MDE digitizes the hand-drawn changes. If boundary lines follow existing streets, waterways or public land survey lines, MDE uses the following reference layers to help determine boundary location:

1.  Street centerline information from The Lawrence Group (for Twin Cities metropolitan area):
   http://www.datafinder.org/metadata/tlg_roads.htm 

2.  TIGER 2002 streets from the U.S. Bureau of the Census (outside the Twin Cities metropolitan area):
    http://www.census.gov/geo/www/tlmetadata/tl2002meta.txt 

3.  Lake and stream boundaries (mostly 1:100,000-scale; some 1:24,000-scale):
   http://www.mngeo.state.mn.us/chouse/metadata/dlghyne2.html  (100K hydrography from USGS DLG files)
   http://deli.dnr.state.mn.us/metadata/lake_openwpy3.html  (24K lakes from DNR)
   http://deli.dnr.state.mn.us/metadata/strm_baseln3.html  (24K streams from DNR)
   
4.  Public land survey township/range/section lines (1:100,000-scale):
   http://gisdata.mn.gov/dataset/plan-mngeo-trs

** The process above was replaced beginning in 2007 by receiving county parcel shapefiles and using them as a background in ArcGIS to edit boundaries. 
Files are maintained and edited in ArcGIS geodatabase format. Shapefiles are created for distribution.

NOTES ON MISMATCHES OF DATA:
1. The County Auditor's Office is required to delineate school district boundaries by law, and maintains the official record for tax purposes. It must be noted that the school districts also have boundary maps, and that, while the two sets of map boundaries should match, they do not always do so.  In cases where the school district and the county auditor records show different boundaries, this should be resolved locally. It becomes an issue for the maintainers of statewide files when updates are obtained from both sources.

2. Mismatches between the Census Boundary lines and the School District lines: although the school district boundary file generally matches Census lines, it does not always do so. Therefore, mismatches can be legitimate, based upon the original maps from the County Auditors' Offices, and can be verified against the maps on file at MnGeo and the State Demographic Center.</procdesc></procstep></lineage></dataqual><spdoinfo><direct>Vector</direct><mgmg3obj>Polygon</mgmg3obj><mgmg3til>State</mgmg3til><ptvctinf><esriterm Name="sd_attendance11"><efeatyp Sync="TRUE">Simple</efeatyp><efeageom Sync="TRUE">Polygon</efeageom><esritopo Sync="TRUE">FALSE</esritopo><efeacnt Sync="TRUE">826</efeacnt><spindex Sync="TRUE">FALSE</spindex><linrefer Sync="TRUE">FALSE</linrefer></esriterm><sdtsterm Name="sd_attendance11"><sdtstype Sync="TRUE">G-polygon</sdtstype><ptvctcnt Sync="TRUE">826</ptvctcnt></sdtsterm><esriterm Name="label"><efeatyp Sync="TRUE">Simple</efeatyp><efeageom Sync="TRUE">Label</efeageom><esritopo Sync="TRUE">FALSE</esritopo><efeacnt Sync="TRUE">1775</efeacnt><spindex Sync="TRUE">FALSE</spindex><linrefer Sync="TRUE">FALSE</linrefer></esriterm><sdtsterm Name="label"><sdtstype Sync="TRUE">Label point</sdtstype><ptvctcnt Sync="TRUE">1775</ptvctcnt></sdtsterm><esriterm Name="polygon"><efeatyp Sync="TRUE">Simple</efeatyp><efeageom Sync="TRUE">Polygon</efeageom><esritopo Sync="TRUE">TRUE</esritopo><efeacnt Sync="TRUE">1775</efeacnt><spindex Sync="TRUE">FALSE</spindex><linrefer Sync="TRUE">FALSE</linrefer></esriterm><sdtsterm Name="polygon"><sdtstype Sync="TRUE">GT-polygon composed of chains</sdtstype><ptvctcnt Sync="TRUE">1775</ptvctcnt></sdtsterm><esriterm Name="tic"><efeatyp Sync="TRUE">Simple</efeatyp><efeageom Sync="TRUE">Tic</efeageom><esritopo Sync="TRUE">FALSE</esritopo><efeacnt Sync="TRUE">4</efeacnt><spindex Sync="TRUE">FALSE</spindex><linrefer Sync="TRUE">FALSE</linrefer></esriterm><sdtsterm Name="tic"><sdtstype Sync="TRUE">Point</sdtstype><ptvctcnt Sync="TRUE">4</ptvctcnt></sdtsterm></ptvctinf><indspref></indspref></spdoinfo><spref><vertdef><altsys><altdatum>not applicable</altdatum><altunits>not applicable</altunits></altsys><depthsys><depthdn>not applicable</depthdn><depthdu>not applicable</depthdu></depthsys></vertdef><horizsys><planar><gridsys><gridsysn>Universal Transverse Mercator</gridsysn><utm><utmzone>15</utmzone></utm></gridsys><planci><plandu>meters</plandu></planci></planar><geodetic><horizdn>NAD83</horizdn><ellips>GRS80</ellips></geodetic></horizsys></spref><eainfo><detailed><enttyp><enttypl>sd_attendance11</enttypl><enttypt Sync="TRUE">Feature Class</enttypt><enttypc Sync="TRUE">826</enttypc></enttyp><attr><attrlabl>FID</attrlabl><attrdef>Internal feature number.</attrdef><attrdefs>ESRI</attrdefs><attrdomv><udom>Sequential unique whole numbers that are automatically generated.</udom></attrdomv><attalias Sync="TRUE">FID</attalias><attrtype Sync="TRUE">OID</attrtype><attwidth Sync="TRUE">4</attwidth><atprecis Sync="TRUE">0</atprecis><attscale Sync="TRUE">0</attscale></attr><attr><attrlabl>Shape</attrlabl><attrdef>Feature geometry.</attrdef><attrdefs>ESRI</attrdefs><attrdomv><udom>Coordinates defining the features.</udom></attrdomv><attalias Sync="TRUE">Shape</attalias><attrtype Sync="TRUE">Geometry</attrtype><attwidth Sync="TRUE">0</attwidth><atprecis Sync="TRUE">0</atprecis><attscale Sync="TRUE">0</attscale></attr><attr><attrlabl>SDNUM</attrlabl><attrdefs>MDE</attrdefs><attalias Sync="TRUE">SDNUM</attalias><attrtype Sync="TRUE">Number</attrtype><attwidth Sync="TRUE">4</attwidth></attr><attr><attrlabl>SDNAME</attrlabl><attalias Sync="TRUE">SDNAME</attalias><attrtype Sync="TRUE">String</attrtype><attwidth Sync="TRUE">40</attwidth></attr><attr><attrlabl>UNI_TYP</attrlabl><attalias Sync="TRUE">UNI_TYP</attalias><attrtype Sync="TRUE">Number</attrtype><attwidth Sync="TRUE">1</attwidth></attr><attr><attrlabl>ELEMENTARY</attrlabl><attalias Sync="TRUE">ELEMENTARY</attalias><attrtype Sync="TRUE">String</attrtype><attwidth Sync="TRUE">40</attwidth></attr><attr><attrlabl>MIDDLE</attrlabl><attalias Sync="TRUE">MIDDLE</attalias><attrtype Sync="TRUE">String</attrtype><attwidth Sync="TRUE">40</attwidth></attr><attr><attrlabl>HIGH</attrlabl><attalias Sync="TRUE">HIGH</attalias><attrtype Sync="TRUE">String</attrtype><attwidth Sync="TRUE">40</attwidth></attr></detailed><overview><eaover>UNI_TYP (2, 2, I)
UNI_MAJ (4, 4, I)
UNI_NAM (40, 40, C)
ELEM_NAME (40, 40, C)
MIDD_NAME (40, 40, C)
HIGH_NAME (40, 40, C)</eaover><eadetcit>UNI_TYP - Because Minneapolis and Aitkin school districts both are SD#1, this identifier, used at MDE, will separate them as follows:
   3 - Minneapolis (SD #1) and South St. Paul (SD #6)
   2 - Franconia (SD #323) and Prinsburg (SD #815)
   1 - Remaining school districts
   0 - Minneapolis - St. Paul International airport

UNI_MAJ - School district number (1-Aitkin to 2908-Brandon-Evansville)

UNI_NAM - School district name (1-Aitkin to 2908-Brandon-Evansville)

ELEM_NAME - Elementary school name.

MIDD_NAME - Middle school name.

HIGH_NAME - High school name.</eadetcit></overview></eainfo><distinfo><resdesc>School attendance areas 2014-2015</resdesc><distliab>The Geographic Information System (GIS) Data to which this notice is attached are made available pursuant to the Minnesota Government Data Practices Act (Minnesota Statutes Chapter 13). The Minnesota Department of Education (MDE) does not warrant the results you may obtain by using this dataset. This dataset is provided ''as is'' without express or implied warranties, including warranties of merchantability and fitness. In no event will MDE be liable for any consequential, incidental or special damages, including any lost profits or lost savings, even if an MDE representative has been advised of the possibility of such damages or any other claim by any third party.

In obtaining this data from MDE and MnGeo, it is understood that you and/or your organization have the right to use it for any purpose.  If you modify it, you are encouraged to apply responsible best practices by documenting those changes in a metadata record.  If you transmit or provide the data to another user, it is your responsibility to provide appropriate content, limitation, warranty and liability information as you see fit.

MnGeo's data disclaimer is online: http://www.mngeo.state.mn.us/chouse/disclaimer.html</distliab><stdorder><digform><digtinfo><formname>Shapefile</formname><transize>5 megabytes, zipped</transize><dssize Sync="TRUE">3.567</dssize><formvern></formvern></digtinfo></digform><ordering>1.  GIS data:  this data set is distributed on the internet by clicking below after Online Linkage.  Doing so will tell your browser to start downloading a 'ZIP' file which will contain the following:

- Data in shapefile (.shp, .shx., .dbf) format
- Documentation (.html)
- NOTICE.TXT, the disclaimer.

After downloading this 'zip' file, uncompress (unzip) it to extract the files described above. For help, see:  http://www.gda.state.mn.us/resource.html?Id=16253#compress
 
2.  School district maps:  These maps show district and attendance boundaries, and public and non-public school program locations.  Download in PDF format or order printed wallmaps from:
   http://www.gda.state.mn.us/maps/SchoolDistricts/</ordering></stdorder><distrib><cntinfo><cntperp><cntorg>Minnesota Department of Education</cntorg><cntper>Scott Freburg</cntper></cntperp><cntpos>GIS Administrator</cntpos><cntaddr><addrtype>mailing and physical</addrtype><address>1500 Hwy 36 W.</address><city>Roseville</city><state>MN</state><postal>55113</postal></cntaddr><cntvoice>651-582-8789</cntvoice><cntemail>scott.freburg@state.mn.us</cntemail></cntinfo></distrib></distinfo><metainfo><metd>20141022</metd><metstdn>Minnesota Geographic Metadata Guidelines</metstdn><metstdv>1.2</metstdv><metextns><onlink>http://www.mngeo.state.mn.us/committee/standards/mgmg/metadata.htm</onlink></metextns><langmeta Sync="TRUE">en</langmeta><mettc Sync="TRUE">local time</mettc><metextns><onlink Sync="TRUE">http://www.esri.com/metadata/esriprof80.html</onlink><metprof Sync="TRUE">ESRI Metadata Profile</metprof></metextns><metc><cntinfo><cntperp><cntorg>Minnesota Department of Education</cntorg><cntper>Scott Freburg</cntper></cntperp><cntpos>GIS Administrator</cntpos><cntaddr><addrtype>mailing and physical</addrtype><address>1500 Hwy 36 W.</address><city>Roseville</city><state>MN</state><postal>55113</postal></cntaddr><cntvoice>651-582-8789</cntvoice><cntemail>scott.freburg@state.mn.us</cntemail></cntinfo></metc></metainfo><Esri><CreaDate>20100819</CreaDate><CreaTime>11135800</CreaTime><SyncOnce>FALSE</SyncOnce><SyncDate>20100913</SyncDate><SyncTime>15163100</SyncTime><ModDate>20110923</ModDate><ModTime>11001200</ModTime><MetaID>{2700F1CF-256A-4DB3-9F4F-7D45216FA425}</MetaID></Esri><dataIdInfo><envirDesc Sync="TRUE">Microsoft Windows XP Version 5.1 (Build 2600) Service Pack 3; ESRI ArcCatalog 9.3.1.3500</envirDesc><dataLang><languageCode Sync="TRUE" value="en"></languageCode></dataLang><idCitation><resTitle Sync="TRUE">sd_attendance11</resTitle><presForm><PresFormCd Sync="TRUE" value="005"></PresFormCd></presForm></idCitation><spatRpType><SpatRepTypCd Sync="TRUE" value="001"></SpatRepTypCd></spatRpType><dataExt><geoEle><GeoBndBox esriExtentType="native"><westBL Sync="TRUE">189783.56</westBL><eastBL Sync="TRUE">761653.5241</eastBL><northBL Sync="TRUE">5472346.5</northBL><southBL Sync="TRUE">4816309.33</southBL><exTypeCode Sync="TRUE">1</exTypeCode></GeoBndBox></geoEle></dataExt><geoBox esriExtentType="decdegrees"><westBL Sync="TRUE">-97.269688</westBL><eastBL Sync="TRUE">-89.397194</eastBL><northBL Sync="TRUE">49.403805</northBL><southBL Sync="TRUE">43.435423</southBL><exTypeCode Sync="TRUE">1</exTypeCode></geoBox></dataIdInfo><mdLang><languageCode Sync="TRUE" value="en"></languageCode></mdLang><mdStanName Sync="TRUE">ISO 19115 Geographic Information - Metadata</mdStanName><mdStanVer Sync="TRUE">DIS_ESRI1.0</mdStanVer><mdChar><CharSetCd Sync="TRUE" value="004"></CharSetCd></mdChar><mdHrLv><ScopeCd Sync="TRUE" value="005"></ScopeCd></mdHrLv><mdHrLvName Sync="TRUE">dataset</mdHrLvName><distInfo><distributor><distorTran><onLineSrc><orDesc Sync="TRUE">002</orDesc><linkage Sync="TRUE">file://\\8HP25J1\E$\MDEFNS_Data\Spatial_Data\SD_Data\SY2010-11\Final_Datasets\MNGEO\sd_attendance11.shp</linkage><protocol Sync="TRUE">Local Area Network</protocol></onLineSrc><transSize Sync="TRUE">3.567</transSize></distorTran><distorFormat><formatName Sync="TRUE">Shapefile</formatName></distorFormat></distributor></distInfo><refSysInfo><RefSystem><refSysID><identCode Sync="TRUE">NAD_1983_UTM_Zone_15N</identCode></refSysID></RefSystem></refSysInfo><spatRepInfo><VectSpatRep><topLvl><TopoLevCd Sync="TRUE" value="001"></TopoLevCd></topLvl><geometObjs Name="sd_attendance11"><geoObjTyp><GeoObjTypCd Sync="TRUE" value="001"></GeoObjTypCd></geoObjTyp><geoObjCnt Sync="TRUE">826</geoObjCnt></geometObjs></VectSpatRep></spatRepInfo><mdDateSt Sync="TRUE">20110923</mdDateSt></metadata>